[{"model": "usuarios.usuario", "fields": {"password": "pbkdf2_sha256$600000$kc8N9eaLCDCTrZs2SbEGVm$gFsTC79Tn77Xs5FqMpVQmkHfzJsfPCuIvqUCTcNnPAQ=", "last_login": null, "is_superuser": true, "first_name": "Carlos", "last_name": "Mendoza", "is_staff": true, "is_active": true, "date_joined": "2026-06-14T02:22:32.040Z", "email": "admin@autogestion.bo", "rol": "admin", "telefono": "71234567", "direccion": "", "foto": "", "nacimiento": null, "ci": "9876543", "activo": true, "groups": [], "user_permissions": []}}, {"model": "usuarios.usuario", "fields": {"password": "pbkdf2_sha256$600000$RvCf4VHYiGPA1Qp9fSEZIf$VLv7Q4DeE4fZSX8KE7vNdg/rhI8BEMF4regXevNCzcc=", "last_login": null, "is_superuser": false, "first_name": "Juan", "last_name": "Pérez", "is_staff": false, "is_active": true, "date_joined": "2026-06-14T02:22:33.124Z", "email": "juan.perez@gmail.com", "rol": "usuario", "telefono": "70011001", "direccion": "", "foto": "", "nacimiento": "1985-03-15", "ci": "1234567", "activo": true, "groups": [], "user_permissions": []}}, {"model": "usuarios.usuario", "fields": {"password": "pbkdf2_sha256$600000$mU5w4Sy7LrfDq6dWf466Q9$LupWSyR65EuaiDSDQ7pKdI3Wi7N9wXKM/8aBqCZ9n18=", "last_login": null, "is_superuser": false, "first_name": "María", "last_name": "Torres", "is_staff": false, "is_active": true, "date_joined": "2026-06-14T02:22:34.808Z", "email": "maria.torres@gmail.com", "rol": "usuario", "telefono": "70022002", "direccion": "", "foto": "", "nacimiento": "1990-07-22", "ci": "2345678", "activo": true, "groups": [], "user_permissions": []}}, {"model": "usuarios.usuario", "fields": {"password": "pbkdf2_sha256$600000$i24cHBIIcnvAHEKbiEuNkD$b8r2xU+CcfAdjcreHZnF2nyIqnz9hwZL2+gohueMwZM=", "last_login": null, "is_superuser": false, "first_name": "Roberto", "last_name": "Flores", "is_staff": false, "is_active": true, "date_joined": "2026-06-14T02:22:36.531Z", "email": "roberto.flores@gmail.com", "rol": "usuario", "telefono": "70033003", "direccion": "", "foto": "", "nacimiento": "1988-01-10", "ci": "3456789", "activo": true, "groups": [], "user_permissions": []}}, {"model": "usuarios.usuario", "fields": {"password": "pbkdf2_sha256$600000$USP5mCAhRsWFscTMBQuBtM$C9jj2JtQrq7EF6JZ3fN7mIPCMcEHFI3o7zUp7LEm12M=", "last_login": null, "is_superuser": false, "first_name": "Carla", "last_name": "Gutiérrez", "is_staff": false, "is_active": true, "date_joined": "2026-06-14T02:22:38.109Z", "email": "carla.gutierrez@gmail.com", "rol": "usuario", "telefono": "70044004", "direccion": "", "foto": "", "nacimiento": "1995-05-28", "ci": "4567890", "activo": true, "groups": [], "user_permissions": []}}, {"model": "usuarios.usuario", "fields": {"password": "pbkdf2_sha256$600000$ogLCV7BT2bvxeST32B6bOL$CyiLO/Xl/dOkL2xKwVz05Dky8s6Z/xcTp7hEmNKmXcU=", "last_login": null, "is_superuser": false, "first_name": "Diego", "last_name": "Quispe", "is_staff": false, "is_active": true, "date_joined": "2026-06-14T02:22:39.718Z", "email": "diego.quispe@gmail.com", "rol": "usuario", "telefono": "70055005", "direccion": "", "foto": "", "nacimiento": "1992-11-03", "ci": "5678901", "activo": true, "groups": [], "user_permissions": []}}, {"model": "usuarios.usuario", "fields": {"password": "pbkdf2_sha256$600000$RK0SDVRIzpd4kEgei9EQt2$C8VJFfta082TDcVJ4eMCCj2Otqc5x7NuQIY7fg9mTXE=", "last_login": null, "is_superuser": false, "first_name": "Ana", "last_name": "Morales", "is_staff": false, "is_active": true, "date_joined": "2026-06-14T02:22:41.340Z", "email": "ana.morales@gmail.com", "rol": "usuario", "telefono": "70066006", "direccion": "", "foto": "", "nacimiento": "1993-09-12", "ci": "6789012", "activo": true, "groups": [], "user_permissions": []}}, {"model": "usuarios.usuario", "fields": {"password": "pbkdf2_sha256$600000$xGXfLZmCDiVmPYiqFP6lbJ$/HMgWld8/29vMvnPcAFOjgf9yfFV+v/1/t25/H79k1g=", "last_login": null, "is_superuser": false, "first_name": "Luis", "last_name": "Choque", "is_staff": false, "is_active": true, "date_joined": "2026-06-14T02:22:42.942Z", "email": "luis.choque@gmail.com", "rol": "usuario", "telefono": "70077007", "direccion": "", "foto": "", "nacimiento": "1991-04-08", "ci": "7890123", "activo": true, "groups": [], "user_permissions": []}}, {"model": "usuarios.usuario", "fields": {"password": "pbkdf2_sha256$600000$jHBSTfyKtduXVqPdjgIOoR$rRH03DqjMdfVWCpA+OveFOEASorO/h/VYhzZWYNkdDA=", "last_login": null, "is_superuser": false, "first_name": "Elena", "last_name": "Vargas", "is_staff": false, "is_active": true, "date_joined": "2026-06-14T02:22:44.512Z", "email": "elena.vargas@gmail.com", "rol": "usuario", "telefono": "70088008", "direccion": "", "foto": "", "nacimiento": "1987-06-20", "ci": "8901234", "activo": true, "groups": [], "user_permissions": []}}, {"model": "usuarios.usuario", "fields": {"password": "pbkdf2_sha256$600000$QPRGyaktCaRVomGWJboroS$ThzbQH0RjdaHMVjciYNcpDW+8ERYFdQpah2Le7B7ssM=", "last_login": null, "is_superuser": false, "first_name": "Sofía", "last_name": "Salazar", "is_staff": false, "is_active": true, "date_joined": "2026-06-14T02:22:46.115Z", "email": "sofia.salazar@gmail.com", "rol": "usuario", "telefono": "70099009", "direccion": "", "foto": "", "nacimiento": "1994-02-14", "ci": "9012345", "activo": true, "groups": [], "user_permissions": []}}, {"model": "usuarios.usuario", "fields": {"password": "pbkdf2_sha256$600000$SzXq904lVJKLMZ0pycZfld$U0e8BqhjxJIHkxJ4UD4TLKGlDGmx5LOhrokALjIfLn4=", "last_login": null, "is_superuser": false, "first_name": "Muerte", "last_name": "Muerte", "is_staff": false, "is_active": true, "date_joined": "2026-06-14T02:22:47.728Z", "email": "muertemuerte60@gmail.com", "rol": "usuario", "telefono": "70100010", "direccion": "", "foto": "", "nacimiento": "1990-01-01", "ci": "78023575", "activo": true, "groups": [], "user_permissions": []}}, {"model": "usuarios.agenda", "pk": 34, "fields": {"usuario": ["admin@autogestion.bo"], "titulo": "Reunión con propietarios", "descripcion": "Reunión mensual de revisión de propiedades.", "inicio": "2026-06-15T12:29:45.883Z", "fin": "2026-06-16T14:29:45.883Z", "ubicacion": "Oficina Central", "completado": false, "creado": "2026-06-14T03:29:46.144Z"}}, {"model": "usuarios.agenda", "pk": 35, "fields": {"usuario": ["juan.perez@gmail.com"], "titulo": "Inspección Casa Moderna", "descripcion": "Verificar estado del inmueble antes de publicar.", "inicio": "2026-06-17T12:29:46.941Z", "fin": "2026-06-18T14:29:46.941Z", "ubicacion": "Calacoto, La Paz", "completado": false, "creado": "2026-06-14T03:29:47.201Z"}}, {"model": "usuarios.agenda", "pk": 36, "fields": {"usuario": ["maria.torres@gmail.com"], "titulo": "Visita de cliente", "descripcion": "Cliente interesado en departamento.", "inicio": "2026-06-16T12:29:48.010Z", "fin": "2026-06-17T14:29:48.010Z", "ubicacion": "Miraflores", "completado": false, "creado": "2026-06-14T03:29:48.271Z"}}, {"model": "usuarios.agenda", "pk": 37, "fields": {"usuario": ["roberto.flores@gmail.com"], "titulo": "Firmar contrato alquiler", "descripcion": "Firma de contrato con nuevo inquilino.", "inicio": "2026-06-19T12:29:49.091Z", "fin": "2026-06-20T14:29:49.091Z", "ubicacion": "Notaría San Jorge", "completado": false, "creado": "2026-06-14T03:29:49.351Z"}}, {"model": "usuarios.agenda", "pk": 38, "fields": {"usuario": ["carla.gutierrez@gmail.com"], "titulo": "Mantenimiento propiedad", "descripcion": "Revisión de servicios e instalaciones.", "inicio": "2026-06-14T12:29:50.163Z", "fin": "2026-06-14T14:29:50.163Z", "ubicacion": "Achumani", "completado": false, "creado": "2026-06-14T03:29:50.424Z"}}, {"model": "usuarios.agenda", "pk": 39, "fields": {"usuario": ["diego.quispe@gmail.com"], "titulo": "Sesión fotográfica", "descripcion": "Tomar fotos profesionales del inmueble.", "inicio": "2026-06-18T12:29:51.239Z", "fin": "2026-06-19T14:29:51.239Z", "ubicacion": "Calacoto", "completado": false, "creado": "2026-06-14T03:29:51.500Z"}}, {"model": "usuarios.agenda", "pk": 40, "fields": {"usuario": ["ana.morales@gmail.com"], "titulo": "Revisión de contrato", "descripcion": "Revisar términos del nuevo contrato.", "inicio": "2026-06-15T12:29:52.295Z", "fin": "2026-06-16T14:29:52.295Z", "ubicacion": "Oficina", "completado": false, "creado": "2026-06-14T03:29:52.558Z"}}, {"model": "usuarios.agenda", "pk": 41, "fields": {"usuario": ["admin@autogestion.bo"], "titulo": "Capacitación usuarios", "descripcion": "Entrenar a nuevos propietarios en el sistema.", "inicio": "2026-06-21T12:29:53.365Z", "fin": "2026-06-23T14:29:53.365Z", "ubicacion": "Remoto", "completado": false, "creado": "2026-06-14T03:29:53.628Z"}}, {"model": "usuarios.notificacion", "pk": 34, "fields": {"usuario": ["juan.perez@gmail.com"], "tipo": "pago", "origen": "sistema", "titulo": "Pago de alquiler pendiente", "mensaje": "Tu pago de alquiler vence en 3 días.", "leida": false, "creada": "2026-06-14T03:29:54.703Z"}}, {"model": "usuarios.notificacion", "pk": 35, "fields": {"usuario": ["maria.torres@gmail.com"], "tipo": "recordatorio", "origen": "sistema", "titulo": "Vence tu contrato", "mensaje": "Tu contrato de alquiler vence próximamente.", "leida": false, "creada": "2026-06-14T03:29:55.768Z"}}, {"model": "usuarios.notificacion", "pk": 36, "fields": {"usuario": ["roberto.flores@gmail.com"], "tipo": "info", "origen": "sistema", "titulo": "Nueva solicitud de visita", "mensaje": "Un usuario solicita visitar tu propiedad.", "leida": false, "creada": "2026-06-14T03:29:56.830Z"}}, {"model": "usuarios.notificacion", "pk": 37, "fields": {"usuario": ["carla.gutierrez@gmail.com"], "tipo": "info", "origen": "sistema", "titulo": "Inmueble destacado", "mensaje": "Tu casa fue destacada en el portal esta semana.", "leida": false, "creada": "2026-06-14T03:29:57.899Z"}}, {"model": "usuarios.notificacion", "pk": 38, "fields": {"usuario": ["diego.quispe@gmail.com"], "tipo": "alerta", "origen": "sistema", "titulo": "Precio actualizado", "mensaje": "Tu inmueble actualizó su precio.", "leida": false, "creada": "2026-06-14T03:29:58.971Z"}}, {"model": "usuarios.notificacion", "pk": 39, "fields": {"usuario": ["ana.morales@gmail.com"], "tipo": "info", "origen": "sistema", "titulo": "Documentación pendiente", "mensaje": "Necesitas completar tu perfil.", "leida": false, "creada": "2026-06-14T03:30:00.034Z"}}, {"model": "usuarios.notificacion", "pk": 40, "fields": {"usuario": ["luis.choque@gmail.com"], "tipo": "recordatorio", "origen": "sistema", "titulo": "Visita programada", "mensaje": "Tienes una visita programada mańana.", "leida": false, "creada": "2026-06-14T03:30:01.108Z"}}, {"model": "usuarios.notificacion", "pk": 41, "fields": {"usuario": ["elena.vargas@gmail.com"], "tipo": "alerta", "origen": "sistema", "titulo": "Nuevo usuario interesado", "mensaje": "Un nuevo usuario está interesado en tu propiedad.", "leida": false, "creada": "2026-06-14T03:30:02.171Z"}}, {"model": "usuarios.notificacion", "pk": 42, "fields": {"usuario": ["sofia.salazar@gmail.com"], "tipo": "info", "origen": "sistema", "titulo": "Publicaciones por revisar", "mensaje": "Hay inmuebles pendientes de aprobación.", "leida": false, "creada": "2026-06-14T03:30:03.232Z"}}, {"model": "usuarios.notificacion", "pk": 43, "fields": {"usuario": ["muertemuerte60@gmail.com"], "tipo": "alerta", "origen": "sistema", "titulo": "Alerta de seguridad", "mensaje": "Se detectó acceso inusual a tu cuenta.", "leida": false, "creada": "2026-06-14T03:30:04.307Z"}}, {"model": "usuarios.bloqueo", "pk": 34, "fields": {"bloqueador": ["juan.perez@gmail.com"], "bloqueado": ["sofia.salazar@gmail.com"], "creado": "2026-06-14T03:30:37.727Z"}}, {"model": "usuarios.bloqueo", "pk": 35, "fields": {"bloqueador": ["diego.quispe@gmail.com"], "bloqueado": ["muertemuerte60@gmail.com"], "creado": "2026-06-14T03:30:38.809Z"}}, {"model": "usuarios.chat", "pk": 34, "fields": {"participante1": ["juan.perez@gmail.com"], "participante2": ["maria.torres@gmail.com"], "inmueble": 34, "publicacion": null, "creado": "2026-06-14T03:30:05.376Z", "actualizado": "2026-06-14T03:30:05.376Z"}}, {"model": "usuarios.chat", "pk": 35, "fields": {"participante1": ["roberto.flores@gmail.com"], "participante2": ["carla.gutierrez@gmail.com"], "inmueble": 36, "publicacion": null, "creado": "2026-06-14T03:30:10.780Z", "actualizado": "2026-06-14T03:30:10.780Z"}}, {"model": "usuarios.chat", "pk": 36, "fields": {"participante1": ["diego.quispe@gmail.com"], "participante2": ["ana.morales@gmail.com"], "inmueble": 38, "publicacion": null, "creado": "2026-06-14T03:30:16.177Z", "actualizado": "2026-06-14T03:30:16.177Z"}}, {"model": "usuarios.chat", "pk": 37, "fields": {"participante1": ["luis.choque@gmail.com"], "participante2": ["elena.vargas@gmail.com"], "inmueble": 40, "publicacion": null, "creado": "2026-06-14T03:30:21.562Z", "actualizado": "2026-06-14T03:30:21.562Z"}}, {"model": "usuarios.mensaje", "pk": 34, "fields": {"chat": 34, "remitente": ["juan.perez@gmail.com"], "tipo": "texto", "contenido": "Hola, me interesa tu casa en zona sur.", "archivo": "", "ubicacion": "", "leido": false, "creado": "2026-06-14T03:30:06.441Z"}}, {"model": "usuarios.mensaje", "pk": 35, "fields": {"chat": 34, "remitente": ["maria.torres@gmail.com"], "tipo": "texto", "contenido": "ˇHola! Sí, la casa está disponible. żCuándo te gustaría visitarla?", "archivo": "", "ubicacion": "", "leido": false, "creado": "2026-06-14T03:30:07.525Z"}}, {"model": "usuarios.mensaje", "pk": 36, "fields": {"chat": 34, "remitente": ["juan.perez@gmail.com"], "tipo": "texto", "contenido": "żPuede ser este sábado por la mańana?", "archivo": "", "ubicacion": "", "leido": false, "creado": "2026-06-14T03:30:08.633Z"}}, {"model": "usuarios.mensaje", "pk": 37, "fields": {"chat": 34, "remitente": ["maria.torres@gmail.com"], "tipo": "texto", "contenido": "Perfecto, te espero a las 10:00 AM.", "archivo": "", "ubicacion": "", "leido": false, "creado": "2026-06-14T03:30:09.717Z"}}, {"model": "usuarios.mensaje", "pk": 38, "fields": {"chat": 35, "remitente": ["roberto.flores@gmail.com"], "tipo": "texto", "contenido": "Hola, me interesa tu propiedad en San Jorge.", "archivo": "", "ubicacion": "", "leido": false, "creado": "2026-06-14T03:30:11.849Z"}}, {"model": "usuarios.mensaje", "pk": 39, "fields": {"chat": 35, "remitente": ["carla.gutierrez@gmail.com"], "tipo": "texto", "contenido": "Buenas, sí está disponible. żTienes preguntas?", "archivo": "", "ubicacion": "", "leido": false, "creado": "2026-06-14T03:30:12.934Z"}}, {"model": "usuarios.mensaje", "pk": 40, "fields": {"chat": 35, "remitente": ["roberto.flores@gmail.com"], "tipo": "texto", "contenido": "Sí, żcuál es el precio de alquiler mensual?", "archivo": "", "ubicacion": "", "leido": false, "creado": "2026-06-14T03:30:13.999Z"}}, {"model": "usuarios.mensaje", "pk": 41, "fields": {"chat": 35, "remitente": ["carla.gutierrez@gmail.com"], "tipo": "texto", "contenido": "El alquiler es Bs. 3500 mensuales con depósito.", "archivo": "", "ubicacion": "", "leido": false, "creado": "2026-06-14T03:30:15.087Z"}}, {"model": "usuarios.mensaje", "pk": 42, "fields": {"chat": 36, "remitente": ["diego.quispe@gmail.com"], "tipo": "texto", "contenido": "Hola, vi tu penthouse, se ve increíble.", "archivo": "", "ubicacion": "", "leido": false, "creado": "2026-06-14T03:30:17.247Z"}}, {"model": "usuarios.mensaje", "pk": 43, "fields": {"chat": 36, "remitente": ["ana.morales@gmail.com"], "tipo": "texto", "contenido": "Gracias, es una de nuestras mejores propiedades.", "archivo": "", "ubicacion": "", "leido": false, "creado": "2026-06-14T03:30:18.304Z"}}, {"model": "usuarios.mensaje", "pk": 44, "fields": {"chat": 36, "remitente": ["diego.quispe@gmail.com"], "tipo": "texto", "contenido": "żHay posibilidad de visita esta semana?", "archivo": "", "ubicacion": "", "leido": false, "creado": "2026-06-14T03:30:19.396Z"}}, {"model": "usuarios.mensaje", "pk": 45, "fields": {"chat": 36, "remitente": ["ana.morales@gmail.com"], "tipo": "texto", "contenido": "Claro, disponible mańana a las 3 PM.", "archivo": "", "ubicacion": "", "leido": false, "creado": "2026-06-14T03:30:20.469Z"}}, {"model": "usuarios.mensaje", "pk": 46, "fields": {"chat": 37, "remitente": ["luis.choque@gmail.com"], "tipo": "texto", "contenido": "Hola, tengo un problema con la propiedad.", "archivo": "", "ubicacion": "", "leido": false, "creado": "2026-06-14T03:30:22.643Z"}}, {"model": "usuarios.mensaje", "pk": 47, "fields": {"chat": 37, "remitente": ["elena.vargas@gmail.com"], "tipo": "texto", "contenido": "Claro, żcuál es el problema?", "archivo": "", "ubicacion": "", "leido": false, "creado": "2026-06-14T03:30:23.710Z"}}, {"model": "usuarios.mensaje", "pk": 48, "fields": {"chat": 37, "remitente": ["luis.choque@gmail.com"], "tipo": "texto", "contenido": "La cerradura no funciona correctamente.", "archivo": "", "ubicacion": "", "leido": false, "creado": "2026-06-14T03:30:24.806Z"}}, {"model": "usuarios.mensaje", "pk": 49, "fields": {"chat": 37, "remitente": ["elena.vargas@gmail.com"], "tipo": "texto", "contenido": "Enviaré un cerrajero mańana temprano.", "archivo": "", "ubicacion": "", "leido": false, "creado": "2026-06-14T03:30:25.895Z"}}, {"model": "usuarios.resena", "pk": 34, "fields": {"usuario": ["juan.perez@gmail.com"], "inmueble": 34, "calificacion": 5, "comentario": "Increíble propiedad, muy bien mantenida.", "creado": "2026-06-14T03:30:26.964Z", "actualizado": "2026-06-14T03:30:26.964Z"}}, {"model": "usuarios.resena", "pk": 35, "fields": {"usuario": ["maria.torres@gmail.com"], "inmueble": 34, "calificacion": 4, "comentario": "Muy buena casa, pero el acceso es complicado.", "creado": "2026-06-14T03:30:28.030Z", "actualizado": "2026-06-14T03:30:28.030Z"}}, {"model": "usuarios.resena", "pk": 36, "fields": {"usuario": ["roberto.flores@gmail.com"], "inmueble": 36, "calificacion": 5, "comentario": "Hermosa casa colonial, perfecta para vivir.", "creado": "2026-06-14T03:30:29.102Z", "actualizado": "2026-06-14T03:30:29.102Z"}}, {"model": "usuarios.resena", "pk": 37, "fields": {"usuario": ["carla.gutierrez@gmail.com"], "inmueble": 37, "calificacion": 4, "comentario": "Buena ubicación, ambiente tranquilo.", "creado": "2026-06-14T03:30:30.158Z", "actualizado": "2026-06-14T03:30:30.158Z"}}, {"model": "usuarios.resena", "pk": 38, "fields": {"usuario": ["diego.quispe@gmail.com"], "inmueble": 38, "calificacion": 5, "comentario": "El penthouse es increíble, vista panorámica.", "creado": "2026-06-14T03:30:31.257Z", "actualizado": "2026-06-14T03:30:31.257Z"}}, {"model": "usuarios.resena", "pk": 39, "fields": {"usuario": ["ana.morales@gmail.com"], "inmueble": 35, "calificacion": 3, "comentario": "Departamento funcional pero pequeńo.", "creado": "2026-06-14T03:30:32.339Z", "actualizado": "2026-06-14T03:30:32.339Z"}}, {"model": "usuarios.resena", "pk": 40, "fields": {"usuario": ["luis.choque@gmail.com"], "inmueble": 39, "calificacion": 4, "comentario": "Un espacio muy creativo y bien diseńado.", "creado": "2026-06-14T03:30:33.386Z", "actualizado": "2026-06-14T03:30:33.386Z"}}, {"model": "usuarios.resena", "pk": 41, "fields": {"usuario": ["elena.vargas@gmail.com"], "inmueble": 37, "calificacion": 5, "comentario": "Excelente zona residencial, muy tranquila.", "creado": "2026-06-14T03:30:34.450Z", "actualizado": "2026-06-14T03:30:34.450Z"}}, {"model": "usuarios.resena", "pk": 42, "fields": {"usuario": ["sofia.salazar@gmail.com"], "inmueble": 40, "calificacion": 4, "comentario": "Ubicación céntrica, muy práctica.", "creado": "2026-06-14T03:30:35.525Z", "actualizado": "2026-06-14T03:30:35.525Z"}}, {"model": "usuarios.resena", "pk": 43, "fields": {"usuario": ["muertemuerte60@gmail.com"], "inmueble": 43, "calificacion": 5, "comentario": "Loft artístico, estilo muy especial.", "creado": "2026-06-14T03:30:36.631Z", "actualizado": "2026-06-14T03:30:36.631Z"}}, {"model": "inmuebles.tipoinmueble", "pk": 1, "fields": {"nombre": "Casa", "descripcion": "Vivienda unifamiliar independiente."}}, {"model": "inmuebles.direccion", "pk": 34, "fields": {"ciudad": "La Guardia", "zona": "Zona Centro", "calle": "Calle Principal La Guardia", "referencia": ""}}, {"model": "inmuebles.direccion", "pk": 35, "fields": {"ciudad": "Santa Cruz", "zona": "Zona Centro", "calle": "Av. Brasil", "referencia": ""}}, {"model": "inmuebles.direccion", "pk": 36, "fields": {"ciudad": "Santa Cruz", "zona": "Zona Centro", "calle": "Calle Melchor Pinto", "referencia": ""}}, {"model": "inmuebles.direccion", "pk": 37, "fields": {"ciudad": "Santa Cruz", "zona": "Zona Centro", "calle": "Av. Irala", "referencia": ""}}, {"model": "inmuebles.direccion", "pk": 38, "fields": {"ciudad": "Santa Cruz", "zona": "Zona Centro", "calle": "Radial 26", "referencia": ""}}, {"model": "inmuebles.direccion", "pk": 39, "fields": {"ciudad": "Santa Cruz", "zona": "Zona Centro", "calle": "Av. Equipetrol", "referencia": ""}}, {"model": "inmuebles.direccion", "pk": 40, "fields": {"ciudad": "Santa Cruz", "zona": "Zona Centro", "calle": "Calle Junín", "referencia": ""}}, {"model": "inmuebles.direccion", "pk": 41, "fields": {"ciudad": "Santa Cruz", "zona": "Zona Centro", "calle": "Calle Richardo", "referencia": ""}}, {"model": "inmuebles.direccion", "pk": 42, "fields": {"ciudad": "Santa Cruz", "zona": "Zona Centro", "calle": "Calle Potosí", "referencia": ""}}, {"model": "inmuebles.direccion", "pk": 43, "fields": {"ciudad": "Santa Cruz", "zona": "Zona Centro", "calle": "Calle Cambodromo", "referencia": ""}}, {"model": "inmuebles.inmueble", "pk": 34, "fields": {"propietario": ["juan.perez@gmail.com"], "tipo": 1, "direccion": 34, "titulo": "Casa Moderna La Guardia", "descripcion": "Casa quinta con terreno amplio en La Guardia.", "largo": null, "ancho": null, "superficie": "1239.00", "valor_activo": null, "habitaciones": 2, "banos": 2, "garaje": true, "estado": "disponible", "gps": "-16.5001, -68.0001", "modelo_3d": "https://raw.githubusercontent.com/GoogleWebComponents/model-viewer/master/packages/shared-assets/models/Astronaut.glb", "creado": "2026-06-14T03:28:07.360Z", "actualizado": "2026-06-14T03:28:07.360Z"}}, {"model": "inmuebles.inmueble", "pk": 35, "fields": {"propietario": ["admin@autogestion.bo"], "tipo": 1, "direccion": 35, "titulo": "Casa en venta Santa Cruz", "descripcion": "Casa grande con amplio terreno.", "largo": null, "ancho": null, "superficie": "384.00", "valor_activo": null, "habitaciones": 4, "banos": 1, "garaje": false, "estado": "disponible", "gps": "-16.5002, -68.0002", "modelo_3d": null, "creado": "2026-06-14T03:28:10.034Z", "actualizado": "2026-06-14T03:28:10.034Z"}}, {"model": "inmuebles.inmueble", "pk": 36, "fields": {"propietario": ["roberto.flores@gmail.com"], "tipo": 1, "direccion": 36, "titulo": "Casa Colonial Santa Cruz", "descripcion": "Casa en venta con acabados premium.", "largo": null, "ancho": null, "superficie": "120.00", "valor_activo": null, "habitaciones": 4, "banos": 3, "garaje": true, "estado": "disponible", "gps": "-16.5003, -68.0003", "modelo_3d": null, "creado": "2026-06-14T03:28:12.706Z", "actualizado": "2026-06-14T03:28:12.706Z"}}, {"model": "inmuebles.inmueble", "pk": 37, "fields": {"propietario": ["admin@autogestion.bo"], "tipo": 1, "direccion": 37, "titulo": "Casa de 2 Pisos", "descripcion": "Casa de 2 pisos con patio.", "largo": null, "ancho": null, "superficie": "100.00", "valor_activo": null, "habitaciones": 4, "banos": 2, "garaje": true, "estado": "disponible", "gps": "-16.5004, -68.0004", "modelo_3d": null, "creado": "2026-06-14T03:28:15.362Z", "actualizado": "2026-06-14T03:28:15.362Z"}}, {"model": "inmuebles.inmueble", "pk": 38, "fields": {"propietario": ["diego.quispe@gmail.com"], "tipo": 1, "direccion": 38, "titulo": "Casa con Terreno", "descripcion": "Terreno y 2 casas. 8.000 m2, piscina, churrasquera, garajes, frutales.", "largo": null, "ancho": null, "superficie": "12000.00", "valor_activo": null, "habitaciones": 8, "banos": 6, "garaje": true, "estado": "disponible", "gps": "-16.5005, -68.0005", "modelo_3d": null, "creado": "2026-06-14T03:28:18.049Z", "actualizado": "2026-06-14T03:28:18.049Z"}}, {"model": "inmuebles.inmueble", "pk": 39, "fields": {"propietario": ["ana.morales@gmail.com"], "tipo": 1, "direccion": 39, "titulo": "Casa Equipetrol", "descripcion": "Casa grande con excelentes acabados.", "largo": null, "ancho": null, "superficie": "6000.00", "valor_activo": null, "habitaciones": 3, "banos": 4, "garaje": true, "estado": "disponible", "gps": "-16.5006, -68.0006", "modelo_3d": null, "creado": "2026-06-14T03:28:20.696Z", "actualizado": "2026-06-14T03:28:20.696Z"}}, {"model": "inmuebles.inmueble", "pk": 40, "fields": {"propietario": ["luis.choque@gmail.com"], "tipo": 1, "direccion": 40, "titulo": "Casa Junín", "descripcion": "Casa disponible para venta o alquiler.", "largo": null, "ancho": null, "superficie": "450.00", "valor_activo": null, "habitaciones": 3, "banos": 2, "garaje": true, "estado": "disponible", "gps": "-16.5007, -68.0007", "modelo_3d": null, "creado": "2026-06-14T03:28:23.377Z", "actualizado": "2026-06-14T03:28:23.377Z"}}, {"model": "inmuebles.inmueble", "pk": 41, "fields": {"propietario": ["elena.vargas@gmail.com"], "tipo": 1, "direccion": 41, "titulo": "Casa Económica", "descripcion": "Casa económica: 2 tiendas, 1 Habitación, Bańo, Cocina, Sala, Patio amplio, Garage. Documentos en orden.", "largo": null, "ancho": null, "superficie": "374.70", "valor_activo": null, "habitaciones": 1, "banos": 1, "garaje": false, "estado": "disponible", "gps": "-16.5008, -68.0008", "modelo_3d": null, "creado": "2026-06-14T03:28:26.043Z", "actualizado": "2026-06-14T03:28:26.043Z"}}, {"model": "inmuebles.inmueble", "pk": 42, "fields": {"propietario": ["sofia.salazar@gmail.com"], "tipo": 1, "direccion": 42, "titulo": "Casa Potosí", "descripcion": "Casa en venta a buen precio.", "largo": null, "ancho": null, "superficie": "2400.00", "valor_activo": null, "habitaciones": 2, "banos": 3, "garaje": true, "estado": "disponible", "gps": "-16.5009, -68.0009", "modelo_3d": null, "creado": "2026-06-14T03:28:28.736Z", "actualizado": "2026-06-14T03:28:28.736Z"}}, {"model": "inmuebles.inmueble", "pk": 43, "fields": {"propietario": ["muertemuerte60@gmail.com"], "tipo": 1, "direccion": 43, "titulo": "Casa Cambodromo", "descripcion": "Casa grande en zona residencial.", "largo": null, "ancho": null, "superficie": "3000.00", "valor_activo": null, "habitaciones": 6, "banos": 3, "garaje": true, "estado": "disponible", "gps": "-16.5010, -68.0010", "modelo_3d": null, "creado": "2026-06-14T03:28:31.886Z", "actualizado": "2026-06-14T03:28:31.886Z"}}, {"model": "inmuebles.multimedia", "pk": 67, "fields": {"inmueble": 34, "tipo": "imagen", "archivo": "https://res.cloudinary.com/dwerzrgya/image/upload/v1776445025/ngmi72br9ceznkr48wao.jpg", "descripcion": "", "principal": false, "orden": 0, "subido": "2026-06-14T03:28:34.701Z"}}, {"model": "inmuebles.multimedia", "pk": 68, "fields": {"inmueble": 34, "tipo": "imagen", "archivo": "https://res.cloudinary.com/dwerzrgya/image/upload/v1776445025/do4mjosrvqwxyjfmw6io.jpg", "descripcion": "", "principal": false, "orden": 0, "subido": "2026-06-14T03:28:35.782Z"}}, {"model": "inmuebles.multimedia", "pk": 69, "fields": {"inmueble": 34, "tipo": "imagen", "archivo": "https://res.cloudinary.com/dwerzrgya/image/upload/v1776445025/uf4sednyadjsdy9n3zbm.jpg", "descripcion": "", "principal": false, "orden": 0, "subido": "2026-06-14T03:28:36.848Z"}}, {"model": "inmuebles.multimedia", "pk": 70, "fields": {"inmueble": 34, "tipo": "imagen", "archivo": "https://res.cloudinary.com/dwerzrgya/image/upload/v1776445025/rlv2vl173nypaujonuqc.jpg", "descripcion": "", "principal": false, "orden": 0, "subido": "2026-06-14T03:28:37.927Z"}}, {"model": "inmuebles.multimedia", "pk": 71, "fields": {"inmueble": 34, "tipo": "imagen", "archivo": "https://res.cloudinary.com/dwerzrgya/image/upload/v1776445026/hmoqw6ko1ihz0fchikds.jpg", "descripcion": "", "principal": false, "orden": 0, "subido": "2026-06-14T03:28:38.989Z"}}, {"model": "inmuebles.multimedia", "pk": 72, "fields": {"inmueble": 34, "tipo": "imagen", "archivo": "https://res.cloudinary.com/dwerzrgya/image/upload/v1776445026/nlzxtzajf1v8sdhersrj.jpg", "descripcion": "", "principal": false, "orden": 0, "subido": "2026-06-14T03:28:40.055Z"}}, {"model": "inmuebles.multimedia", "pk": 73, "fields": {"inmueble": 34, "tipo": "imagen", "archivo": "https://res.cloudinary.com/dwerzrgya/image/upload/v1776445026/lcfrxmxdzhfnehsmqezx.jpg", "descripcion": "", "principal": true, "orden": 0, "subido": "2026-06-14T03:28:41.134Z"}}, {"model": "inmuebles.multimedia", "pk": 74, "fields": {"inmueble": 35, "tipo": "imagen", "archivo": "https://res.cloudinary.com/dwerzrgya/image/upload/v1776445301/h4cmv5jeaee22roathor.jpg", "descripcion": "", "principal": true, "orden": 0, "subido": "2026-06-14T03:28:42.210Z"}}, {"model": "inmuebles.multimedia", "pk": 75, "fields": {"inmueble": 36, "tipo": "imagen", "archivo": "https://res.cloudinary.com/dwerzrgya/image/upload/v1776445650/n2jqn1liu6piuiuouiqr.jpg", "descripcion": "", "principal": false, "orden": 0, "subido": "2026-06-14T03:28:43.297Z"}}, {"model": "inmuebles.multimedia", "pk": 76, "fields": {"inmueble": 36, "tipo": "imagen", "archivo": "https://res.cloudinary.com/dwerzrgya/image/upload/v1776445652/c05zvion4415uhrzbgep.jpg", "descripcion": "", "principal": true, "orden": 0, "subido": "2026-06-14T03:28:44.356Z"}}, {"model": "inmuebles.multimedia", "pk": 77, "fields": {"inmueble": 36, "tipo": "imagen", "archivo": "https://res.cloudinary.com/dwerzrgya/image/upload/v1776445652/xsspbrwnzvnjlw6oanbd.jpg", "descripcion": "", "principal": false, "orden": 0, "subido": "2026-06-14T03:28:45.443Z"}}, {"model": "inmuebles.multimedia", "pk": 78, "fields": {"inmueble": 36, "tipo": "imagen", "archivo": "https://res.cloudinary.com/dwerzrgya/image/upload/v1776445652/ogdi0odon4m2iwj9wmoi.jpg", "descripcion": "", "principal": false, "orden": 0, "subido": "2026-06-14T03:28:46.513Z"}}, {"model": "inmuebles.multimedia", "pk": 79, "fields": {"inmueble": 37, "tipo": "imagen", "archivo": "https://res.cloudinary.com/dwerzrgya/image/upload/v1776445789/bjth7eibw9cvjc7wfkmt.jpg", "descripcion": "", "principal": true, "orden": 0, "subido": "2026-06-14T03:28:47.586Z"}}, {"model": "inmuebles.multimedia", "pk": 80, "fields": {"inmueble": 38, "tipo": "imagen", "archivo": "https://res.cloudinary.com/dwerzrgya/image/upload/v1776446045/ai1unubgqrgifa2l2hyf.jpg", "descripcion": "", "principal": true, "orden": 0, "subido": "2026-06-14T03:28:48.645Z"}}, {"model": "inmuebles.multimedia", "pk": 81, "fields": {"inmueble": 38, "tipo": "imagen", "archivo": "https://res.cloudinary.com/dwerzrgya/image/upload/v1776446047/ehpfydealejrphlmk7yt.jpg", "descripcion": "", "principal": false, "orden": 0, "subido": "2026-06-14T03:28:49.706Z"}}, {"model": "inmuebles.multimedia", "pk": 82, "fields": {"inmueble": 38, "tipo": "imagen", "archivo": "https://res.cloudinary.com/dwerzrgya/image/upload/v1776446047/obhxra8gwngvtuuju60b.jpg", "descripcion": "", "principal": false, "orden": 0, "subido": "2026-06-14T03:28:50.761Z"}}, {"model": "inmuebles.multimedia", "pk": 83, "fields": {"inmueble": 38, "tipo": "imagen", "archivo": "https://res.cloudinary.com/dwerzrgya/image/upload/v1776446047/pvx1i82oebr7rztn9s2f.jpg", "descripcion": "", "principal": false, "orden": 0, "subido": "2026-06-14T03:28:51.822Z"}}, {"model": "inmuebles.multimedia", "pk": 84, "fields": {"inmueble": 38, "tipo": "imagen", "archivo": "https://res.cloudinary.com/dwerzrgya/image/upload/v1776446047/cft7obruommbutsadogb.jpg", "descripcion": "", "principal": false, "orden": 0, "subido": "2026-06-14T03:28:52.898Z"}}, {"model": "inmuebles.multimedia", "pk": 85, "fields": {"inmueble": 39, "tipo": "imagen", "archivo": "https://res.cloudinary.com/dwerzrgya/image/upload/v1776446334/esuk1ezntp9yjk8mn9b6.jpg", "descripcion": "", "principal": true, "orden": 0, "subido": "2026-06-14T03:28:53.966Z"}}, {"model": "inmuebles.multimedia", "pk": 86, "fields": {"inmueble": 39, "tipo": "imagen", "archivo": "https://res.cloudinary.com/dwerzrgya/image/upload/v1776446336/f49b9w8o7xsl2ttpceta.jpg", "descripcion": "", "principal": false, "orden": 0, "subido": "2026-06-14T03:28:55.043Z"}}, {"model": "inmuebles.multimedia", "pk": 87, "fields": {"inmueble": 39, "tipo": "imagen", "archivo": "https://res.cloudinary.com/dwerzrgya/image/upload/v1776446336/imxgtvh68hfzjhzhx0kb.jpg", "descripcion": "", "principal": false, "orden": 0, "subido": "2026-06-14T03:28:56.118Z"}}, {"model": "inmuebles.multimedia", "pk": 88, "fields": {"inmueble": 40, "tipo": "imagen", "archivo": "https://res.cloudinary.com/dwerzrgya/image/upload/v1776446463/ocvj9wv2hdqgpzeakrbe.jpg", "descripcion": "", "principal": true, "orden": 0, "subido": "2026-06-14T03:28:57.208Z"}}, {"model": "inmuebles.multimedia", "pk": 89, "fields": {"inmueble": 40, "tipo": "imagen", "archivo": "https://res.cloudinary.com/dwerzrgya/image/upload/v1776446465/hc0f5apxptadjvvvka0c.jpg", "descripcion": "", "principal": false, "orden": 0, "subido": "2026-06-14T03:28:58.286Z"}}, {"model": "inmuebles.multimedia", "pk": 90, "fields": {"inmueble": 40, "tipo": "imagen", "archivo": "https://res.cloudinary.com/dwerzrgya/image/upload/v1776446465/lzao70ngntltxxzmzoyb.jpg", "descripcion": "", "principal": false, "orden": 0, "subido": "2026-06-14T03:28:59.358Z"}}, {"model": "inmuebles.multimedia", "pk": 91, "fields": {"inmueble": 40, "tipo": "imagen", "archivo": "https://res.cloudinary.com/dwerzrgya/image/upload/v1776446465/b7dmv39ul8awohqoyenj.jpg", "descripcion": "", "principal": false, "orden": 0, "subido": "2026-06-14T03:29:00.424Z"}}, {"model": "inmuebles.multimedia", "pk": 92, "fields": {"inmueble": 40, "tipo": "imagen", "archivo": "https://res.cloudinary.com/dwerzrgya/image/upload/v1776446465/s1wb1eno2t2fnecheoud.jpg", "descripcion": "", "principal": false, "orden": 0, "subido": "2026-06-14T03:29:01.483Z"}}, {"model": "inmuebles.multimedia", "pk": 93, "fields": {"inmueble": 41, "tipo": "imagen", "archivo": "https://res.cloudinary.com/dwerzrgya/image/upload/v1776446669/tq3lgvgnjgqphh4lydij.jpg", "descripcion": "", "principal": false, "orden": 0, "subido": "2026-06-14T03:29:02.548Z"}}, {"model": "inmuebles.multimedia", "pk": 94, "fields": {"inmueble": 41, "tipo": "imagen", "archivo": "https://res.cloudinary.com/dwerzrgya/image/upload/v1776446669/dvrfjwxpmwq13svlkmf5.jpg", "descripcion": "", "principal": false, "orden": 0, "subido": "2026-06-14T03:29:03.621Z"}}, {"model": "inmuebles.multimedia", "pk": 95, "fields": {"inmueble": 41, "tipo": "imagen", "archivo": "https://res.cloudinary.com/dwerzrgya/image/upload/v1776446669/tgzjwumx1rdrkspeuxh9.jpg", "descripcion": "", "principal": false, "orden": 0, "subido": "2026-06-14T03:29:04.696Z"}}, {"model": "inmuebles.multimedia", "pk": 96, "fields": {"inmueble": 41, "tipo": "imagen", "archivo": "https://res.cloudinary.com/dwerzrgya/image/upload/v1776446674/olzbfbvcdrnkquvk0nuu.jpg", "descripcion": "", "principal": true, "orden": 0, "subido": "2026-06-14T03:29:05.765Z"}}, {"model": "inmuebles.multimedia", "pk": 97, "fields": {"inmueble": 41, "tipo": "imagen", "archivo": "https://res.cloudinary.com/dwerzrgya/image/upload/v1776446678/tz5rd1xrpcmdfst11rqh.jpg", "descripcion": "", "principal": false, "orden": 0, "subido": "2026-06-14T03:29:06.821Z"}}, {"model": "inmuebles.multimedia", "pk": 98, "fields": {"inmueble": 42, "tipo": "imagen", "archivo": "https://res.cloudinary.com/dwerzrgya/image/upload/v1776446846/f9b1ixrqmhjkjhnbojxh.jpg", "descripcion": "", "principal": true, "orden": 0, "subido": "2026-06-14T03:29:07.883Z"}}, {"model": "inmuebles.multimedia", "pk": 99, "fields": {"inmueble": 42, "tipo": "imagen", "archivo": "https://res.cloudinary.com/dwerzrgya/image/upload/v1776446847/xrc8qgplvhorwmremvco.jpg", "descripcion": "", "principal": false, "orden": 0, "subido": "2026-06-14T03:29:08.941Z"}}, {"model": "inmuebles.multimedia", "pk": 100, "fields": {"inmueble": 42, "tipo": "imagen", "archivo": "https://res.cloudinary.com/dwerzrgya/image/upload/v1776446848/uej0www3ynl2bjatfjae.jpg", "descripcion": "", "principal": false, "orden": 0, "subido": "2026-06-14T03:29:10.004Z"}}, {"model": "inmuebles.multimedia", "pk": 101, "fields": {"inmueble": 42, "tipo": "imagen", "archivo": "https://res.cloudinary.com/dwerzrgya/image/upload/v1776446848/wis7almtxjxfmidhx0j9.jpg", "descripcion": "", "principal": false, "orden": 0, "subido": "2026-06-14T03:29:11.056Z"}}, {"model": "inmuebles.multimedia", "pk": 102, "fields": {"inmueble": 42, "tipo": "imagen", "archivo": "https://res.cloudinary.com/dwerzrgya/image/upload/v1776446848/v1a3vs07v9b2mlpjlqo1.jpg", "descripcion": "", "principal": false, "orden": 0, "subido": "2026-06-14T03:29:12.132Z"}}, {"model": "inmuebles.multimedia", "pk": 103, "fields": {"inmueble": 42, "tipo": "imagen", "archivo": "https://res.cloudinary.com/dwerzrgya/image/upload/v1776446848/kgpqam7ly6tayz9zohkf.jpg", "descripcion": "", "principal": false, "orden": 0, "subido": "2026-06-14T03:29:13.187Z"}}, {"model": "inmuebles.multimedia", "pk": 104, "fields": {"inmueble": 42, "tipo": "imagen", "archivo": "https://res.cloudinary.com/dwerzrgya/image/upload/v1776446848/xbyv4abtliuk4bpusnbk.jpg", "descripcion": "", "principal": false, "orden": 0, "subido": "2026-06-14T03:29:14.264Z"}}, {"model": "inmuebles.multimedia", "pk": 105, "fields": {"inmueble": 43, "tipo": "imagen", "archivo": "https://res.cloudinary.com/dwerzrgya/image/upload/v1776447047/wtaztxodqjrfgakvwhan.jpg", "descripcion": "", "principal": true, "orden": 0, "subido": "2026-06-14T03:29:15.338Z"}}, {"model": "inmuebles.multimedia", "pk": 106, "fields": {"inmueble": 43, "tipo": "imagen", "archivo": "https://res.cloudinary.com/dwerzrgya/image/upload/v1776447049/che9u7laxv2l49j6vgba.jpg", "descripcion": "", "principal": false, "orden": 0, "subido": "2026-06-14T03:29:16.409Z"}}, {"model": "inmuebles.multimedia", "pk": 107, "fields": {"inmueble": 43, "tipo": "imagen", "archivo": "https://res.cloudinary.com/dwerzrgya/image/upload/v1776447049/brwg9ljso5osrt443qzp.jpg", "descripcion": "", "principal": false, "orden": 0, "subido": "2026-06-14T03:29:17.480Z"}}, {"model": "inmuebles.multimedia", "pk": 108, "fields": {"inmueble": 34, "tipo": "panorama360", "archivo": "https://res.cloudinary.com/dwerzrgya/image/upload/v1776445025/panorama1.jpg", "descripcion": "Sala Principal 360", "principal": false, "orden": 0, "subido": "2026-06-14T03:30:39.876Z"}}, {"model": "inmuebles.multimedia", "pk": 109, "fields": {"inmueble": 34, "tipo": "panorama360", "archivo": "https://res.cloudinary.com/dwerzrgya/image/upload/v1776445025/panorama2.jpg", "descripcion": "Cocina Americana 360", "principal": false, "orden": 0, "subido": "2026-06-14T03:30:40.942Z"}}, {"model": "inmuebles.hotspot", "pk": 34, "fields": {"inmueble": 34, "escena_origen": 108, "escena_destino": 109, "pitch": 10.0, "yaw": 45.0, "texto_ayuda": "Ir a Cocina"}}, {"model": "inmuebles.hotspot", "pk": 35, "fields": {"inmueble": 34, "escena_origen": 109, "escena_destino": 108, "pitch": -5.0, "yaw": 180.0, "texto_ayuda": "Volver a Sala"}}, {"model": "inmuebles.publicacion", "pk": 34, "fields": {"inmueble": 34, "tipo_oferta": "alquiler", "precio": "3500.00", "estado": "activa", "creado": "2026-06-14T03:28:08.974Z", "actualizado": "2026-06-14T03:28:08.974Z"}}, {"model": "inmuebles.publicacion", "pk": 35, "fields": {"inmueble": 35, "tipo_oferta": "venta", "precio": "210560.00", "estado": "activa", "creado": "2026-06-14T03:28:11.645Z", "actualizado": "2026-06-14T03:28:11.645Z"}}, {"model": "inmuebles.publicacion", "pk": 36, "fields": {"inmueble": 36, "tipo_oferta": "venta", "precio": "146500.00", "estado": "activa", "creado": "2026-06-14T03:28:14.314Z", "actualizado": "2026-06-14T03:28:14.314Z"}}, {"model": "inmuebles.publicacion", "pk": 37, "fields": {"inmueble": 37, "tipo_oferta": "alquiler", "precio": "4500.00", "estado": "activa", "creado": "2026-06-14T03:28:16.982Z", "actualizado": "2026-06-14T03:28:16.982Z"}}, {"model": "inmuebles.publicacion", "pk": 38, "fields": {"inmueble": 38, "tipo_oferta": "venta", "precio": "1563200.00", "estado": "activa", "creado": "2026-06-14T03:28:19.629Z", "actualizado": "2026-06-14T03:28:19.629Z"}}, {"model": "inmuebles.publicacion", "pk": 39, "fields": {"inmueble": 39, "tipo_oferta": "alquiler", "precio": "5500.00", "estado": "activa", "creado": "2026-06-14T03:28:22.309Z", "actualizado": "2026-06-14T03:28:22.309Z"}}, {"model": "inmuebles.publicacion", "pk": 40, "fields": {"inmueble": 40, "tipo_oferta": "anticretico", "precio": "80000.00", "estado": "activa", "creado": "2026-06-14T03:28:24.985Z", "actualizado": "2026-06-14T03:28:24.985Z"}}, {"model": "inmuebles.publicacion", "pk": 41, "fields": {"inmueble": 41, "tipo_oferta": "venta", "precio": "864050.00", "estado": "activa", "creado": "2026-06-14T03:28:27.665Z", "actualizado": "2026-06-14T03:28:27.666Z"}}, {"model": "inmuebles.publicacion", "pk": 42, "fields": {"inmueble": 42, "tipo_oferta": "venta", "precio": "250600.00", "estado": "activa", "creado": "2026-06-14T03:28:30.357Z", "actualizado": "2026-06-14T03:28:30.357Z"}}, {"model": "inmuebles.publicacion", "pk": 43, "fields": {"inmueble": 43, "tipo_oferta": "alquiler", "precio": "6500.00", "estado": "activa", "creado": "2026-06-14T03:28:33.827Z", "actualizado": "2026-06-14T03:28:33.827Z"}}, {"model": "inmuebles.tipocontrato", "pk": 1, "fields": {"nombre": "Alquiler", "descripcion": "Contrato de arrendamiento mensual o anual."}}, {"model": "inmuebles.tipocontrato", "pk": 2, "fields": {"nombre": "Venta", "descripcion": "Contrato de compraventa de inmueble."}}, {"model": "inmuebles.tipocontrato", "pk": 3, "fields": {"nombre": "Anticrético", "descripcion": "Contrato de anticresis con depósito como garantía."}}, {"model": "inmuebles.tipocontrato", "pk": 4, "fields": {"nombre": "Contrato Mixto", "descripcion": "Combinación de alquiler con opción de compra."}}, {"model": "inmuebles.tipocontrato", "pk": 5, "fields": {"nombre": "Traspaso", "descripcion": "Transferencia de derechos de uso sobre un local comercial."}}, {"model": "inmuebles.tipocontrato", "pk": 6, "fields": {"nombre": "Comodato", "descripcion": "Préstamo de uso gratuito por un tiempo determinado."}}, {"model": "inmuebles.contrato", "pk": 34, "fields": {"inmueble": 34, "tipo_contrato": 1, "inquilino": ["juan.perez@gmail.com"], "inicio": "2026-05-14", "fin": "2027-05-14", "monto": "3500.00", "moneda": "USD", "deposito": "7000.00", "dia_pago": 1, "forma_pago": "Stripe / Transferencia", "clausulas": "", "condiciones_uso": "", "penalidades": "", "politica_cancelacion": "", "incluye_servicios": "", "restricciones": "", "antecedentes": "", "uso_exclusivo": "", "clausulas_especiales": "", "estado": "activo", "observaciones": "", "motivo_rechazo": "", "chat": null, "creado": "2026-06-14T03:29:20.129Z", "actualizado": "2026-06-14T03:29:20.129Z"}}, {"model": "inmuebles.contrato", "pk": 35, "fields": {"inmueble": 35, "tipo_contrato": 1, "inquilino": ["maria.torres@gmail.com"], "inicio": "2026-04-14", "fin": "2027-03-10", "monto": "1800.00", "moneda": "USD", "deposito": "3600.00", "dia_pago": 1, "forma_pago": "Stripe / Transferencia", "clausulas": "", "condiciones_uso": "", "penalidades": "", "politica_cancelacion": "", "incluye_servicios": "", "restricciones": "", "antecedentes": "", "uso_exclusivo": "", "clausulas_especiales": "", "estado": "activo", "observaciones": "", "motivo_rechazo": "", "chat": null, "creado": "2026-06-14T03:29:21.408Z", "actualizado": "2026-06-14T03:29:21.408Z"}}, {"model": "inmuebles.contrato", "pk": 36, "fields": {"inmueble": 36, "tipo_contrato": 3, "inquilino": ["roberto.flores@gmail.com"], "inicio": "2026-05-29", "fin": "2027-07-03", "monto": "0.00", "moneda": "USD", "deposito": "25000.00", "dia_pago": 1, "forma_pago": "Stripe / Transferencia", "clausulas": "", "condiciones_uso": "", "penalidades": "", "politica_cancelacion": "", "incluye_servicios": "", "restricciones": "", "antecedentes": "", "uso_exclusivo": "", "clausulas_especiales": "", "estado": "activo", "observaciones": "", "motivo_rechazo": "", "chat": null, "creado": "2026-06-14T03:29:22.571Z", "actualizado": "2026-06-14T03:29:22.571Z"}}, {"model": "inmuebles.contrato", "pk": 37, "fields": {"inmueble": 38, "tipo_contrato": 2, "inquilino": ["diego.quispe@gmail.com"], "inicio": "2026-03-15", "fin": null, "monto": "450000.00", "moneda": "USD", "deposito": "0.00", "dia_pago": 1, "forma_pago": "Stripe / Transferencia", "clausulas": "", "condiciones_uso": "", "penalidades": "", "politica_cancelacion": "", "incluye_servicios": "", "restricciones": "", "antecedentes": "", "uso_exclusivo": "", "clausulas_especiales": "", "estado": "pendiente", "observaciones": "", "motivo_rechazo": "", "chat": null, "creado": "2026-06-14T03:29:23.701Z", "actualizado": "2026-06-14T03:29:23.701Z"}}, {"model": "inmuebles.contrato", "pk": 38, "fields": {"inmueble": 39, "tipo_contrato": 4, "inquilino": ["ana.morales@gmail.com"], "inicio": "2026-05-24", "fin": "2027-05-19", "monto": "4500.00", "moneda": "USD", "deposito": "15000.00", "dia_pago": 1, "forma_pago": "Stripe / Transferencia", "clausulas": "", "condiciones_uso": "", "penalidades": "", "politica_cancelacion": "", "incluye_servicios": "", "restricciones": "", "antecedentes": "", "uso_exclusivo": "", "clausulas_especiales": "", "estado": "activo", "observaciones": "", "motivo_rechazo": "", "chat": null, "creado": "2026-06-14T03:29:24.786Z", "actualizado": "2026-06-14T03:29:24.786Z"}}, {"model": "inmuebles.comision", "pk": 34, "fields": {"contrato": 35, "pago": 37, "porcentaje": "5.00", "monto": "90.00", "fecha": "2026-06-13", "pagada": true, "descripcion": "Comisión automática del 5.0% por pago #37"}}, {"model": "inmuebles.comision", "pk": 35, "fields": {"contrato": 34, "pago": 34, "porcentaje": "5.00", "monto": "175.00", "fecha": "2026-06-13", "pagada": true, "descripcion": "Comisión automática del 5.0% por pago #34"}}, {"model": "inmuebles.comision", "pk": 36, "fields": {"contrato": 37, "pago": 39, "porcentaje": "5.00", "monto": "22500.00", "fecha": "2026-06-08", "pagada": true, "descripcion": "Comisión automática del 5.0% por pago #39"}}, {"model": "inmuebles.comision", "pk": 37, "fields": {"contrato": 38, "pago": 40, "porcentaje": "5.00", "monto": "225.00", "fecha": "2026-06-03", "pagada": true, "descripcion": "Comisión automática del 5.0% por pago #40"}}, {"model": "inmuebles.comision", "pk": 38, "fields": {"contrato": 34, "pago": 35, "porcentaje": "5.00", "monto": "175.00", "fecha": "2026-05-14", "pagada": true, "descripcion": "Comisión automática del 5.0% por pago #35"}}, {"model": "inmuebles.comision", "pk": 39, "fields": {"contrato": 38, "pago": 41, "porcentaje": "5.00", "monto": "225.00", "fecha": "2026-05-04", "pagada": true, "descripcion": "Comisión automática del 5.0% por pago #41"}}, {"model": "inmuebles.comision", "pk": 40, "fields": {"contrato": 34, "pago": 36, "porcentaje": "5.00", "monto": "175.00", "fecha": "2026-04-14", "pagada": true, "descripcion": "Comisión automática del 5.0% por pago #36"}}, {"model": "inmuebles.favorito", "pk": 34, "fields": {"usuario": ["maria.torres@gmail.com"], "inmueble": 34, "creado": "2026-06-14T03:30:46.282Z"}}, {"model": "inmuebles.favorito", "pk": 35, "fields": {"usuario": ["roberto.flores@gmail.com"], "inmueble": 35, "creado": "2026-06-14T03:30:47.383Z"}}, {"model": "inmuebles.cita", "pk": 34, "fields": {"inmueble": 34, "cliente": ["maria.torres@gmail.com"], "propietario": ["juan.perez@gmail.com"], "fecha": "2026-06-15", "hora_inicio": "14:00:00", "hora_fin": "15:00:00", "estado": "pendiente", "notas": "Visita guiada para ver acabados de la cocina.", "creado": "2026-06-14T03:30:48.436Z", "actualizado": "2026-06-14T03:30:48.436Z"}}, {"model": "inmuebles.cita", "pk": 35, "fields": {"inmueble": 35, "cliente": ["roberto.flores@gmail.com"], "propietario": ["admin@autogestion.bo"], "fecha": "2026-06-16", "hora_inicio": "10:00:00", "hora_fin": "11:00:00", "estado": "confirmada", "notas": "Llevar documentos originales.", "creado": "2026-06-14T03:30:49.540Z", "actualizado": "2026-06-14T03:30:49.540Z"}}, {"model": "inmuebles.horariodisponible", "pk": 34, "fields": {"propietario": ["juan.perez@gmail.com"], "inmueble": null, "dia_semana": 0, "hora_inicio": "09:00:00", "hora_fin": "12:00:00", "activo": true}}, {"model": "inmuebles.horariodisponible", "pk": 35, "fields": {"propietario": ["juan.perez@gmail.com"], "inmueble": null, "dia_semana": 5, "hora_inicio": "14:00:00", "hora_fin": "18:00:00", "activo": true}}, {"model": "inmuebles.verificaciontitulo", "pk": 34, "fields": {"inmueble": 34, "solicitado_por": ["juan.perez@gmail.com"], "archivo_titulo": "https://res.cloudinary.com/dwerzrgya/image/upload/v1776445025/titulo1.pdf", "texto_ocr": "Folio Real Matrícula 701101234. Propietario: Juan Pérez. Gravámenes: Ninguno.", "resultado_ia": {"valido": true, "analisis": "Documento legalmente verificado y libre de gravamen."}, "estado": "verificado", "score_confianza": 98, "resumen_publico": "Título de propiedad verificado libre de cargas.", "creado": "2026-06-14T03:30:52.723Z", "actualizado": "2026-06-14T03:30:52.723Z"}}, {"model": "inmuebles.accesorecorrido360", "pk": 34, "fields": {"inmueble": 34, "cliente": ["maria.torres@gmail.com"], "propietario": ["juan.perez@gmail.com"], "chat": null, "creado": "2026-06-14T03:30:53.818Z", "fecha_expiracion": "2026-06-21T03:30:53.553Z", "activo": true, "visitas": 2, "ultimo_acceso_visor": null}}, {"model": "pagos.tipopago", "pk": 1, "fields": {"nombre": "Efectivo", "descripcion": "Pago en efectivo en oficina.", "activo": true}}, {"model": "pagos.tipopago", "pk": 2, "fields": {"nombre": "Transferencia Bancaria", "descripcion": "Transferencia a cuenta del propietario.", "activo": true}}, {"model": "pagos.tipopago", "pk": 3, "fields": {"nombre": "QR", "descripcion": "Pago mediante código QR.", "activo": true}}, {"model": "pagos.tipopago", "pk": 4, "fields": {"nombre": "Tarjeta de Crédito", "descripcion": "Pago con tarjeta de crédito o débito.", "activo": true}}, {"model": "pagos.tipopago", "pk": 5, "fields": {"nombre": "Cheque", "descripcion": "Pago mediante cheque bancario.", "activo": false}}, {"model": "pagos.pago", "pk": 34, "fields": {"contrato": 34, "tipo_pago": 1, "usuario": ["juan.perez@gmail.com"], "monto": "3500.00", "fecha": "2026-06-13", "referencia": "", "comprobante": "", "estado": "completado", "observaciones": "Pago mes 1", "creado": "2026-06-14T03:29:27.239Z"}}, {"model": "pagos.pago", "pk": 35, "fields": {"contrato": 34, "tipo_pago": 2, "usuario": ["juan.perez@gmail.com"], "monto": "3500.00", "fecha": "2026-05-14", "referencia": "", "comprobante": "", "estado": "completado", "observaciones": "Pago mes 2", "creado": "2026-06-14T03:29:28.355Z"}}, {"model": "pagos.pago", "pk": 36, "fields": {"contrato": 34, "tipo_pago": 3, "usuario": ["juan.perez@gmail.com"], "monto": "3500.00", "fecha": "2026-04-14", "referencia": "", "comprobante": "", "estado": "completado", "observaciones": "Pago mes 3", "creado": "2026-06-14T03:29:29.434Z"}}, {"model": "pagos.pago", "pk": 37, "fields": {"contrato": 35, "tipo_pago": 1, "usuario": ["maria.torres@gmail.com"], "monto": "1800.00", "fecha": "2026-06-13", "referencia": "", "comprobante": "", "estado": "completado", "observaciones": "Primer mes", "creado": "2026-06-14T03:29:30.506Z"}}, {"model": "pagos.pago", "pk": 38, "fields": {"contrato": 35, "tipo_pago": 2, "usuario": ["maria.torres@gmail.com"], "monto": "1800.00", "fecha": "2026-05-14", "referencia": "", "comprobante": "", "estado": "pendiente", "observaciones": "Segundo mes", "creado": "2026-06-14T03:29:31.604Z"}}, {"model": "pagos.pago", "pk": 39, "fields": {"contrato": 37, "tipo_pago": 4, "usuario": ["diego.quispe@gmail.com"], "monto": "450000.00", "fecha": "2026-06-08", "referencia": "", "comprobante": "", "estado": "completado", "observaciones": "Adelanto venta", "creado": "2026-06-14T03:29:32.668Z"}}, {"model": "pagos.pago", "pk": 40, "fields": {"contrato": 38, "tipo_pago": 3, "usuario": ["ana.morales@gmail.com"], "monto": "4500.00", "fecha": "2026-06-03", "referencia": "", "comprobante": "", "estado": "completado", "observaciones": "Cuota mensual", "creado": "2026-06-14T03:29:33.766Z"}}, {"model": "pagos.pago", "pk": 41, "fields": {"contrato": 38, "tipo_pago": 1, "usuario": ["ana.morales@gmail.com"], "monto": "4500.00", "fecha": "2026-05-04", "referencia": "", "comprobante": "", "estado": "completado", "observaciones": "Cuota anterior", "creado": "2026-06-14T03:29:34.861Z"}}, {"model": "pagos.detallepago", "pk": 34, "fields": {"pago": 34, "concepto": "Alquiler mensual básico", "monto": "3500.00"}}, {"model": "pagos.detallepago", "pk": 35, "fields": {"pago": 37, "concepto": "Alquiler mensual básico", "monto": "1800.00"}}, {"model": "pagos.detallepago", "pk": 36, "fields": {"pago": 39, "concepto": "Alquiler mensual básico", "monto": "450000.00"}}, {"model": "pagos.historialpago", "pk": 34, "fields": {"pago": 34, "anterior": "pendiente", "nuevo": "completado", "comentario": "Pago verificado y aprobado.", "fecha": "2026-06-14T03:29:35.961Z", "usuario": ["admin@autogestion.bo"]}}, {"model": "pagos.historialpago", "pk": 35, "fields": {"pago": 35, "anterior": "pendiente", "nuevo": "completado", "comentario": "Pago verificado y aprobado.", "fecha": "2026-06-14T03:29:37.062Z", "usuario": ["admin@autogestion.bo"]}}, {"model": "pagos.historialpago", "pk": 36, "fields": {"pago": 36, "anterior": "pendiente", "nuevo": "completado", "comentario": "Pago verificado y aprobado.", "fecha": "2026-06-14T03:29:38.132Z", "usuario": ["admin@autogestion.bo"]}}, {"model": "pagos.historialpago", "pk": 37, "fields": {"pago": 37, "anterior": "pendiente", "nuevo": "completado", "comentario": "Pago verificado y aprobado.", "fecha": "2026-06-14T03:29:39.201Z", "usuario": ["admin@autogestion.bo"]}}, {"model": "pagos.tipoplan", "pk": 34, "fields": {"nombre": "Mensual", "descripcion": "Planes de cobro mensual"}}, {"model": "pagos.tipoplan", "pk": 35, "fields": {"nombre": "Anual", "descripcion": "Planes de cobro anual con descuento"}}, {"model": "pagos.plan", "pk": 34, "fields": {"tipo_plan": 34, "nombre": "Plan Básico", "descripcion": "Hasta 5 inmuebles.", "precio": "99.00", "duracion": 1, "max_inmuebles": 5, "max_usuarios": 1, "activo": true, "creado": "2026-06-14T03:31:00.544Z"}}, {"model": "pagos.plan", "pk": 35, "fields": {"tipo_plan": 34, "nombre": "Plan Premium", "descripcion": "Inmuebles ilimitados y soporte prioritario.", "precio": "299.00", "duracion": 1, "max_inmuebles": 100, "max_usuarios": 5, "activo": true, "creado": "2026-06-14T03:31:01.621Z"}}, {"model": "pagos.transaccionstripe", "pk": 34, "fields": {"contrato": 34, "pagador": ["juan.perez@gmail.com"], "propietario": ["juan.perez@gmail.com"], "tipo_operacion": "alquiler", "monto": "3500.00", "moneda": "usd", "descripcion": "Pago de mensualidad mediante Stripe checkout", "stripe_session_id": "cs_test_a1b2c3d4e5f6", "stripe_payment_intent": "pi_test_123456789", "estado": "completada", "comprobante_url": "", "chat": null, "creado": "2026-06-14T03:31:02.702Z", "actualizado": "2026-06-14T03:31:02.702Z"}}, {"model": "pagos.configuracionsistema", "pk": 1, "fields": {"porcentaje_comision_plataforma": "5.00", "actualizado": "2026-06-14T03:28:02.850Z"}}]